filename,width,height,class,xmin,ymin,xmax,ymax
09a88cfc0b267505b65e2f80e40e0ca9.jpg,1009,603,ch,400,33,596,243
09a88cfc0b267505b65e2f80e40e0ca9.jpg,1009,603,c,344,31,720,603
1maxresdefault.jpg,1280,720,ch,660,7,1007,340
1maxresdefault.jpg,1280,720,c,542,4,1265,720
23cc65de-dfac-4b11-bddc-3ccb52647c19.jpg,1280,720,th,592,63,657,164
23cc65de-dfac-4b11-bddc-3ccb52647c19.jpg,1280,720,th,963,91,1033,177
23cc65de-dfac-4b11-bddc-3ccb52647c19.jpg,1280,720,th,264,86,321,147
23cc65de-dfac-4b11-bddc-3ccb52647c19.jpg,1280,720,t,831,95,1069,635
23cc65de-dfac-4b11-bddc-3ccb52647c19.jpg,1280,720,t,499,63,754,685
23cc65de-dfac-4b11-bddc-3ccb52647c19.jpg,1280,720,t,204,85,390,645
3ad3891db4afb29611190bcfef448e00-1200-80.jpg,1200,675,t,474,72,1185,675
3ad3891db4afb29611190bcfef448e00-1200-80.jpg,1200,675,th,807,77,993,365
4f67447c34370eb99c136ff472fa5093-1200-80.jpg,800,450,t,240,27,569,450
4f67447c34370eb99c136ff472fa5093-1200-80.jpg,800,450,th,359,27,471,165
57295e1d636d3.jpg,1018,577,t,370,81,602,520
57295e1d636d3.jpg,1018,577,th,486,83,559,176
5zHA4DXhWdQfiyaBKXeQyg.jpg,3840,2160,th,3035,879,3508,1263
5zHA4DXhWdQfiyaBKXeQyg.jpg,3840,2160,th,2216,863,2621,1425
5zHA4DXhWdQfiyaBKXeQyg.jpg,3840,2160,th,1329,885,1632,1266
5zHA4DXhWdQfiyaBKXeQyg.jpg,3840,2160,th,747,906,999,1185
5zHA4DXhWdQfiyaBKXeQyg.jpg,3840,2160,th,201,928,504,1195
70.jpg,760,428,ch,520,82,574,157
70.jpg,760,428,c,458,85,627,428
aim_map_csgo0000.jpg,1366,768,th,840,345,858,363
aim_map_csgo0000.jpg,1366,768,th,593,384,614,403
aim_map_csgo0000.jpg,1366,768,t,834,344,869,436
aim_map_csgo0000.jpg,1366,768,t,585,382,640,470
aim_map_csgo0001.jpg,1366,768,th,394,393,434,421
aim_map_csgo0001.jpg,1366,768,th,763,333,786,358
aim_map_csgo0001.jpg,1366,768,t,739,333,823,455
aim_map_csgo0001.jpg,1366,768,th,379,393,474,540
aim_map_csgo0002.jpg,1366,768,th,381,452,431,497
aim_map_csgo0002.jpg,1366,768,th,625,381,652,409
aim_map_csgo0002.jpg,1366,768,t,362,447,488,667
aim_map_csgo0002.jpg,1366,768,t,618,382,697,544
aim_map_csgo0003.jpg,1366,768,th,632,278,718,383
aim_map_csgo0003.jpg,1366,768,t,582,278,813,768
aim_map_csgo0004.jpg,1366,768,t,734,289,749,308
aim_map_csgo0004.jpg,1366,768,c,669,354,709,423
aim_map_csgo0004.jpg,1366,768,ch,685,354,699,368
aim_map_csgo0005.jpg,1366,768,t,694,347,712,368
aim_map_csgo0005.jpg,1366,768,ch,629,425,652,448
aim_map_csgo0005.jpg,1366,768,c,612,424,662,538
aim_map_csgo0006.jpg,1366,768,ch,813,416,848,455
aim_map_csgo0006.jpg,1366,768,c,792,413,872,620
aim_map_csgo0006.jpg,1366,768,th,895,332,904,343
aim_map_csgo0006.jpg,1366,768,t,891,333,914,358
aim_map_csgo0007.jpg,1366,768,ch,528,464,557,495
aim_map_csgo0007.jpg,1366,768,ch,686,431,702,448
aim_map_csgo0007.jpg,1366,768,c,503,464,589,637
aim_map_csgo0007.jpg,1366,768,c,681,430,714,471
aim_map_csgo0008.jpg,1366,768,c,381,402,574,768
aim_map_csgo0008.jpg,1366,768,c,675,387,738,450
aim_map_csgo0008.jpg,1366,768,ch,436,405,520,501
aim_map_csgo0008.jpg,1366,768,ch,690,388,713,413
aim_map_csgo0009.jpg,1366,768,th,431,193,457,216
aim_map_csgo0010.jpg,1366,768,c,445,384,566,688
aim_map_csgo0010.jpg,1366,768,ch,470,383,528,445
aim_map_csgo0010.jpg,1366,768,t,946,392,970,413
aim_map_csgo0010.jpg,1366,768,t,916,393,938,412
aim_map_csgo0010.jpg,1366,768,th,954,392,964,402
aim_map_csgo0010.jpg,1366,768,th,922,393,932,402
aim_map_csgo0011.jpg,1366,768,th,693,389,711,407
aim_map_csgo0011.jpg,1366,768,t,679,390,713,478
aim_map_csgo0011.jpg,1366,768,th,66,358,82,375
aim_map_csgo0011.jpg,1366,768,t,54,358,94,392
aim_map_csgo0012.jpg,1366,768,th,1056,421,1077,440
aim_map_csgo0012.jpg,1366,768,t,1047,420,1096,468
aim_map_csgo0013.jpg,1366,768,t,595,288,616,311
aim_map_csgo0013.jpg,1366,768,th,597,289,606,297
aim_map_csgo0014.jpg,1366,768,ch,1046,465,1066,480
aim_map_csgo0014.jpg,1366,768,c,1038,463,1081,538
aim_map_csgo0015.jpg,1366,768,ch,673,462,700,495
aim_map_csgo0015.jpg,1366,768,c,625,464,705,652
aim_map_csgo0015.jpg,1366,768,c,162,474,231,595
aim_map_csgo0015.jpg,1366,768,ch,201,473,223,495
aim_map_csgo0016.jpg,1366,768,c,660,315,725,469
aim_map_csgo0016.jpg,1366,768,ch,685,314,713,342
aim_map_csgo0017.jpg,1366,768,t,1,240,209,642
aim_map_csgo0017.jpg,1366,768,th,36,240,146,331
aim_map_csgo0018.jpg,1366,768,t,704,291,834,573
aim_map_csgo0018.jpg,1366,768,th,777,290,828,342
aim_map_csgo0018.jpg,1366,768,c,893,211,932,304
aim_map_csgo0018.jpg,1366,768,ch,908,212,925,231
aim_map_csgo0019.jpg,1366,768,t,244,351,356,608
aim_map_csgo0019.jpg,1366,768,th,301,354,350,393
aim_map_csgo0019.jpg,1366,768,c,836,320,867,399
aim_map_csgo0019.jpg,1366,768,c,674,315,719,397
aim_map_csgo0019.jpg,1366,768,ch,453,283,468,296
aim_map_csgo0019.jpg,1366,768,ch,681,314,704,331
aim_map_csgo0019.jpg,1366,768,ch,843,320,859,335
aim_map_csgo0020.jpg,1366,768,c,664,290,710,397
aim_map_csgo0020.jpg,1366,768,ch,667,291,690,308
aim_map_csgo0020.jpg,1366,768,c,876,291,921,397
aim_map_csgo0020.jpg,1366,768,ch,882,291,902,312
aim_map_csgo0021.jpg,1366,768,c,767,294,855,531
aim_map_csgo0021.jpg,1366,768,c,1,259,264,763
aim_map_csgo0021.jpg,1366,768,ch,1,257,114,372
aim_map_csgo0021.jpg,1366,768,ch,780,291,824,330
aim_map_csgo0022.jpg,1366,768,c,679,300,728,390
aim_map_csgo0022.jpg,1366,768,ch,692,300,708,313
aim_map_csgo0023.jpg,1366,768,t,566,361,637,565
aim_map_csgo0023.jpg,1366,768,th,580,365,612,403
aim_map_csgo0024.jpg,1366,768,th,429,343,444,359
aim_map_csgo0025.jpg,1366,768,t,38,378,136,494
aim_map_csgo0025.jpg,1366,768,th,48,382,83,410
aim_map_csgo0025.jpg,1366,768,th,822,414,833,430
aim_map_csgo0025.jpg,1366,768,t,809,414,838,450
aim_map_csgo0026.jpg,1366,768,c,739,307,763,357
aim_map_csgo0026.jpg,1366,768,c,783,264,806,311
aim_map_csgo0026.jpg,1366,768,ch,750,307,761,317
aim_map_csgo0026.jpg,1366,768,ch,797,264,805,273
aim_map_csgo0027.jpg,1366,768,c,676,208,758,460
aim_map_csgo0027.jpg,1366,768,c,591,266,615,325
aim_map_csgo0027.jpg,1366,768,c,611,215,632,270
aim_map_csgo0027.jpg,1366,768,ch,712,208,751,242
aim_map_csgo0027.jpg,1366,768,ch,618,216,630,226
aim_map_csgo0027.jpg,1366,768,ch,599,267,610,281
aim_map_csgo0027.jpg,1366,768,t,859,215,872,227
aim_map_csgo0028.jpg,1366,768,t,1050,326,1079,380
aim_map_csgo0028.jpg,1366,768,c,852,360,864,389
aim_map_csgo0028.jpg,1366,768,c,365,341,388,381
aim_map_csgo0028.jpg,1366,768,c,326,386,357,435
aim_map_csgo0028.jpg,1366,768,t,641,298,657,315
aim_map_csgo0029.jpg,1366,768,t,757,388,807,486
aim_map_csgo0029.jpg,1366,768,th,773,389,795,410
aim_map_csgo0029.jpg,1366,768,t,275,234,307,290
aim_map_csgo0029.jpg,1366,768,c,337,173,357,193
aim_map_csgo0029.jpg,1366,768,t,220,104,240,120
aim_map_csgo0029.jpg,1366,768,c,687,179,702,215
aim_map_csgo0029.jpg,1366,768,c,122,242,154,299
aim_map_csgo0029.jpg,1366,768,ch,127,244,142,255
aim_map_csgo0029.jpg,1366,768,ch,342,173,349,180
aim_map_csgo0029.jpg,1366,768,th,280,233,289,244
aim_map_csgo0030.jpg,1366,768,c,842,345,867,397
aim_map_csgo0030.jpg,1366,768,c,668,348,686,391
aim_map_csgo0030.jpg,1366,768,c,143,329,166,350
aim_map_csgo0030.jpg,1366,768,ch,146,330,159,339
aim_map_csgo0030.jpg,1366,768,ch,671,348,678,356
aim_map_csgo0030.jpg,1366,768,ch,849,345,859,356
aim_map_csgo0030.jpg,1366,768,t,351,276,364,293
aim_map_csgo0031.jpg,1366,768,t,825,296,846,348
aim_map_csgo0031.jpg,1366,768,c,476,348,493,374
aim_map_csgo0031.jpg,1366,768,th,830,297,842,306
aim_map_csgo0031.jpg,1366,768,ch,477,349,487,357
aim_map_csgo0032.jpg,1366,768,th,1081,347,1102,366
aim_map_csgo0032.jpg,1366,768,ch,640,494,654,510
aim_map_csgo0032.jpg,1366,768,ch,753,451,765,463
aim_map_csgo0032.jpg,1366,768,c,639,491,669,568
aim_map_csgo0032.jpg,1366,768,c,748,449,778,517
aim_map_csgo0032.jpg,1366,768,t,1071,345,1118,432
aim_map_csgo0033.jpg,1366,768,t,546,357,567,418
aim_map_csgo0033.jpg,1366,768,th,548,358,558,370
aim_map_csgo0034.jpg,1366,768,c,1302,35,1366,205
aim_map_csgo0034.jpg,1366,768,ch,848,322,887,355
aim_map_csgo0034.jpg,1366,768,ch,1333,35,1366,79
aim_map_csgo0035.jpg,1366,768,ch,545,313,591,356
aim_map_csgo0035.jpg,1366,768,c,530,310,622,415
aim_map_csgo0036.jpg,1366,768,t,1035,344,1138,540
aim_map_csgo0036.jpg,1366,768,t,554,312,574,352
aim_map_csgo0036.jpg,1366,768,t,928,370,961,432
aim_map_csgo0036.jpg,1366,768,th,1070,345,1113,384
aim_map_csgo0036.jpg,1366,768,th,938,371,948,383
aim_map_csgo0036.jpg,1366,768,th,556,311,570,322
aim_map_csgo0037.jpg,1366,768,ch,903,196,946,242
aim_map_csgo0037.jpg,1366,768,c,884,193,1000,360
aim_map_csgo0038.jpg,1366,768,ch,874,332,891,348
aim_map_csgo0038.jpg,1366,768,c,865,333,899,407
aim_map_csgo0039.jpg,1366,768,c,661,375,726,547
aim_map_csgo0039.jpg,1366,768,ch,676,375,710,407
aim_map_csgo0040.jpg,1366,768,t,651,401,676,434
aim_map_csgo0040.jpg,1366,768,th,657,401,671,417
aim_map_csgo0040.jpg,1366,768,c,694,351,730,424
aim_map_csgo0040.jpg,1366,768,ch,697,350,711,362
aim_map_csgo0041.jpg,1366,768,t,1080,530,1141,618
aim_map_csgo0041.jpg,1366,768,th,1111,531,1140,556
aim_map_csgo0041.jpg,1366,768,ch,638,299,651,315
aim_map_csgo0042.jpg,1366,768,ch,977,296,1011,321
aim_map_csgo0042.jpg,1366,768,ch,736,280,746,292
aim_map_csgo0042.jpg,1366,768,ch,701,282,707,291
aim_map_csgo0042.jpg,1366,768,c,933,293,1015,439
aim_map_csgo0042.jpg,1366,768,c,734,281,752,310
aim_map_csgo0042.jpg,1366,768,c,702,281,712,301
aim_map_csgo0043.jpg,1366,768,c,670,364,690,391
aim_map_csgo0043.jpg,1366,768,ch,672,362,682,374
aim_map_csgo0044.jpg,1366,768,c,665,382,723,486
aim_map_csgo0044.jpg,1366,768,ch,674,382,695,408
aim_map_csgo0045.jpg,1366,768,t,418,364,432,408
aim_map_csgo0045.jpg,1366,768,c,493,284,510,305
aim_map_csgo0045.jpg,1366,768,c,620,287,637,306
aim_map_csgo0045.jpg,1366,768,th,422,363,430,374
aim_map_csgo0045.jpg,1366,768,ch,495,285,503,293
aim_map_csgo0045.jpg,1366,768,ch,623,286,633,295
aim_map_csgo0046.jpg,1366,768,t,510,454,526,498
aim_map_csgo0046.jpg,1366,768,c,549,378,567,398
aim_map_csgo0046.jpg,1366,768,c,673,378,689,396
aim_map_csgo0046.jpg,1366,768,ch,552,378,560,387
aim_map_csgo0046.jpg,1366,768,ch,676,377,683,385
aim_map_csgo0046.jpg,1366,768,th,513,455,518,466
aim_map_csgo0047.jpg,1366,768,t,496,459,528,502
aim_map_csgo0047.jpg,1366,768,c,552,378,570,400
aim_map_csgo0047.jpg,1366,768,c,673,378,695,398
aim_map_csgo0047.jpg,1366,768,th,504,458,514,468
aim_map_csgo0047.jpg,1366,768,ch,556,379,564,387
aim_map_csgo0047.jpg,1366,768,ch,680,379,687,385
aim_map_csgo0048.jpg,1366,768,c,553,379,570,398
aim_map_csgo0048.jpg,1366,768,ch,557,380,564,386
aim_map_csgo0049.jpg,1366,768,ch,681,381,688,389
aim_map_csgo0049.jpg,1366,768,c,679,381,693,400
aim_map_csgo0053.jpg,1366,768,c,290,332,317,378
aim_map_csgo0053.jpg,1366,768,ch,298,334,308,343
aim_map_csgo0053.jpg,1366,768,t,777,336,795,358
aim_map_csgo0053.jpg,1366,768,th,785,337,794,345
aim_map_csgo0054.jpg,1366,768,c,844,429,954,590
aim_map_csgo0054.jpg,1366,768,ch,885,431,923,476
aim_map_csgo0055.jpg,1366,768,c,707,369,786,487
aim_map_csgo0055.jpg,1366,768,ch,725,370,758,400
aim_map_csgo0056.jpg,1366,768,ch,610,332,627,356
aim_map_csgo0056.jpg,1366,768,c,594,332,641,455
aim_map_csgo0057.jpg,1366,768,ch,636,335,746,450
aim_map_csgo0057.jpg,1366,768,c,578,334,732,768
aim_map_csgo0058.jpg,1366,768,c,750,386,790,448
aim_map_csgo0058.jpg,1366,768,ch,772,385,788,401
aim_map_csgo0058.jpg,1366,768,ch,1208,364,1220,373
aim_map_csgo0059.jpg,1366,768,c,603,515,764,768
aim_map_csgo0059.jpg,1366,768,ch,679,513,751,578
aim_map_csgo0060.jpg,1366,768,c,833,363,877,485
aim_map_csgo0060.jpg,1366,768,c,520,375,545,445
aim_map_csgo0060.jpg,1366,768,ch,840,364,860,389
aim_map_csgo0060.jpg,1366,768,ch,522,375,537,392
aim_map_csgo0061.jpg,1366,768,ch,678,384,687,399
aim_map_csgo0061.jpg,1366,768,ch,772,280,781,288
aim_map_csgo0061.jpg,1366,768,c,668,382,700,458
aim_map_csgo0061.jpg,1366,768,c,771,280,787,315
aim_map_csgo0062.jpg,1366,768,ch,533,384,547,405
aim_map_csgo0062.jpg,1366,768,c,531,382,565,455
aim_map_csgo0062.jpg,1366,768,c,763,222,783,263
aim_map_csgo0062.jpg,1366,768,ch,767,222,777,231
aim_map_csgo0063.jpg,1366,768,t,295,255,320,300
aim_map_csgo0063.jpg,1366,768,th,298,256,309,266
aim_map_csgo0063.jpg,1366,768,c,843,236,862,281
aim_map_csgo0063.jpg,1366,768,ch,850,236,860,246
aim_map_csgo0064.jpg,1366,768,ch,725,239,740,255
aim_map_csgo0064.jpg,1366,768,ch,545,322,557,333
aim_map_csgo0064.jpg,1366,768,c,722,240,753,298
aim_map_csgo0064.jpg,1366,768,c,547,321,566,370
aim_map_csgo0065.jpg,1366,768,t,286,450,316,516
aim_map_csgo0065.jpg,1366,768,th,294,451,308,464
aim_map_csgo0065.jpg,1366,768,t,583,367,601,401
aim_map_csgo0065.jpg,1366,768,t,1,624,58,744
aim_map_csgo0065.jpg,1366,768,c,394,342,409,370
aim_map_csgo0065.jpg,1366,768,c,440,325,454,348
aim_map_csgo0065.jpg,1366,768,th,4,629,32,664
aim_map_csgo0066.jpg,1366,768,t,498,310,530,380
aim_map_csgo0066.jpg,1366,768,t,795,315,821,376
aim_map_csgo0066.jpg,1366,768,th,512,308,526,323
aim_map_csgo0066.jpg,1366,768,th,805,315,820,328
aim_map_csgo0067.jpg,1366,768,t,1162,334,1261,509
aim_map_csgo0067.jpg,1366,768,t,510,343,569,465
aim_map_csgo0067.jpg,1366,768,th,532,342,555,369
aim_map_csgo0067.jpg,1366,768,th,1206,333,1254,376
aim_map_csgo0067.jpg,1366,768,ch,688,326,706,345
aim_map_csgo0068.jpg,1366,768,ch,621,338,651,370
aim_map_csgo0068.jpg,1366,768,ch,771,349,786,363
aim_map_csgo0068.jpg,1366,768,c,595,337,661,503
aim_map_csgo0068.jpg,1366,768,c,768,349,788,404
AN7awwq.jpg,2560,1440,ch,411,639,641,870
AN7awwq.jpg,2560,1440,th,950,586,1025,661
AN7awwq.jpg,2560,1440,th,1030,637,1116,711
AN7awwq.jpg,2560,1440,th,1023,566,1087,639
AN7awwq.jpg,2560,1440,ch,1111,555,1191,643
counter-strike-global-offensive-cs-go-wallpaper-5.jpg,1536,864,th,810,185,886,293
counter-strike-global-offensive-cs-go-wallpaper-5.jpg,1536,864,t,715,189,964,864
counter-strike-global-offensive-cs-go-wallpaper-5.jpg,1536,864,th,1201,342,1259,389
counter-strike-global-offensive-cs-go-wallpaper-5.jpg,1536,864,t,1129,339,1268,645
CS-GO-Gaming.jpg,500,500,ch,184,89,259,169
CS-GO-Gaming.jpg,500,500,c,75,88,302,456
cs-go-nuke.jpg,1920,1080,ch,1571,297,1775,469
cs-go-nuke.jpg,1920,1080,c,1438,297,1920,855
cs-go-starter-config.jpg,648,386,t,55,139,157,327
cs-go-starter-config.jpg,648,386,th,102,137,140,173
cs-go-starter-config.jpg,648,386,t,286,141,319,233
cs-go-starter-config.jpg,648,386,t,234,142,270,233
cs-go-starter-config.jpg,648,386,th,301,141,318,158
cs-go-starter-config.jpg,648,386,th,249,143,264,160
csgo-01.jpg,1536,864,c,1110,290,1311,666
csgo-01.jpg,1536,864,c,475,340,601,543
csgo-01.jpg,1536,864,t,892,281,920,351
csgo-01.jpg,1536,864,t,1093,286,1125,341
csgo-01.jpg,1536,864,ch,1,9,289,452
csgo-01.jpg,1536,864,ch,548,337,595,385
csgo-01.jpg,1536,864,ch,1169,290,1238,347
csgo-01.jpg,1536,864,th,890,275,916,297
csgo-1280x720-1.jpg,1280,720,c,1,294,191,603
csgo-1280x720-1.jpg,1280,720,c,640,262,813,598
csgo-1280x720-1.jpg,1280,720,ch,109,294,175,365
csgo-1280x720-1.jpg,1280,720,ch,681,267,753,326
CSGO-console-commands.jpg,1280,720,th,202,29,357,228
CSGO-console-commands.jpg,1280,720,t,1,33,416,717
CSGO-console-commands.jpg,1280,720,c,584,181,632,299
CSGO-console-commands.jpg,1280,720,c,709,165,743,265
CSGO-console-commands.jpg,1280,720,c,772,192,817,277
CSGO-console-commands.jpg,1280,720,ch,593,180,617,211
CSGO-console-commands.jpg,1280,720,ch,716,166,733,187
CSGO-console-commands.jpg,1280,720,ch,784,192,807,218
csgo-top10-1.jpg,672,372,c,310,68,537,372
csgo-top10-1.jpg,672,372,ch,320,73,441,203
csgo-update.jpg,1920,1080,ch,885,47,1161,309
csgo-update.jpg,1920,1080,ch,305,195,413,306
csgo-update.jpg,1920,1080,c,828,46,1438,1080
csgo-update.jpg,1920,1080,c,86,194,493,1006
csgo.jpg,1536,864,ch,1011,345,1106,441
csgo.jpg,1536,864,ch,781,442,835,503
csgo.jpg,1536,864,c,940,335,1244,831
csgo.jpg,1536,864,c,748,439,894,692
csgo00jpg.jpg,1200,800,ch,606,212,672,292
csgo00jpg.jpg,1200,800,ch,345,288,375,322
csgo00jpg.jpg,1200,800,c,553,207,741,745
csgo00jpg.jpg,1200,800,c,318,287,386,479
csgo_original_counter_terrorists_by_b2009-d8klyw3.jpg,1191,670,ch,256,85,344,196
csgo_original_counter_terrorists_by_b2009-d8klyw3.jpg,1191,670,ch,443,114,530,217
csgo_original_counter_terrorists_by_b2009-d8klyw3.jpg,1191,670,ch,636,103,711,220
csgo_original_counter_terrorists_by_b2009-d8klyw3.jpg,1191,670,ch,811,111,891,211
csgo_original_counter_terrorists_by_b2009-d8klyw3.jpg,1191,670,c,199,83,387,670
csgo_original_counter_terrorists_by_b2009-d8klyw3.jpg,1191,670,c,360,110,560,670
csgo_original_counter_terrorists_by_b2009-d8klyw3.jpg,1191,670,c,589,104,783,670
csgo_original_counter_terrorists_by_b2009-d8klyw3.jpg,1191,670,c,785,106,954,670
csgo_rank_meme_1024x1024.jpg,1024,768,ch,218,216,310,337
csgo_rank_meme_1024x1024.jpg,1024,768,ch,406,204,502,329
csgo_rank_meme_1024x1024.jpg,1024,768,ch,837,180,931,287
csgo_rank_meme_1024x1024.jpg,1024,768,c,38,215,318,768
csgo_rank_meme_1024x1024.jpg,1024,768,c,301,203,510,760
csgo_rank_meme_1024x1024.jpg,1024,768,c,729,177,937,755
cs_go_ak_47_by_nexsusair143-d87j91a.jpg,1191,670,th,477,66,549,179
cs_go_ak_47_by_nexsusair143-d87j91a.jpg,1191,670,t,389,67,614,651
de_dust0478.jpg,1920,1080,c,901,585,986,755
de_dust0478.jpg,1920,1080,ch,910,586,951,629
de_dust0479.jpg,1920,1080,c,943,534,1015,695
de_dust0479.jpg,1920,1080,ch,957,543,984,576
de_dust0481.jpg,1920,1080,ch,832,522,853,548
de_dust0481.jpg,1920,1080,c,822,521,877,632
de_dust0482.jpg,1920,1080,c,961,510,975,550
de_dust0482.jpg,1920,1080,c,982,514,995,548
de_dust0483.jpg,1920,1080,c,948,532,965,574
de_dust0483.jpg,1920,1080,c,971,536,985,571
de_dust0484.jpg,1920,1080,c,950,530,967,571
de_dust0484.jpg,1920,1080,c,973,534,987,570
de_dust0485.jpg,1920,1080,c,951,537,968,577
de_dust0485.jpg,1920,1080,c,975,542,986,575
de_dust0486.jpg,1920,1080,c,953,527,969,568
de_dust0486.jpg,1920,1080,c,975,532,988,566
de_dust0487.jpg,1920,1080,c,954,497,977,572
de_dust0487.jpg,1920,1080,c,925,497,952,568
de_dust0487.jpg,1920,1080,ch,955,495,970,513
de_dust0487.jpg,1920,1080,ch,929,495,945,514
de_dust0488.jpg,1920,1080,c,945,515,972,583
de_dust0488.jpg,1920,1080,c,1012,516,1032,575
de_dust0488.jpg,1920,1080,ch,950,514,963,530
de_dust0488.jpg,1920,1080,ch,1014,516,1027,531
de_dust0489.jpg,1920,1080,c,982,514,1004,573
de_dust0489.jpg,1920,1080,ch,988,514,999,527
de_dust0491.jpg,1920,1080,c,1091,299,1351,747
de_dust0491.jpg,1920,1080,ch,1123,303,1219,391
de_dust0492.jpg,1920,1080,ch,969,386,1050,469
de_dust0492.jpg,1920,1080,c,941,385,1131,737
de_dust0493.jpg,1920,1080,ch,927,457,964,503
de_dust0493.jpg,1920,1080,c,913,456,1020,675
de_dust0494.jpg,1920,1080,ch,917,463,957,500
de_dust0494.jpg,1920,1080,c,911,464,1007,650
de_dust0495.jpg,1920,1080,ch,915,456,945,488
de_dust0495.jpg,1920,1080,c,910,458,985,607
de_dust0495.jpg,1920,1080,th,88,453,140,502
de_dust0495.jpg,1920,1080,t,64,453,188,724
de_dust0496.jpg,1920,1080,ch,920,454,950,481
de_dust0496.jpg,1920,1080,c,916,452,981,589
de_dust0496.jpg,1920,1080,th,235,451,269,492
de_dust0496.jpg,1920,1080,t,213,449,309,675
de_dust0499.jpg,1920,1080,t,488,488,543,637
de_dust0499.jpg,1920,1080,th,503,489,525,511
de_dust0499.jpg,1920,1080,ch,934,484,954,503
de_dust0499.jpg,1920,1080,c,933,482,983,580
de_dust0502.jpg,1920,1080,c,933,520,962,588
de_dust0502.jpg,1920,1080,ch,941,521,954,537
de_dust0503.jpg,1920,1080,ch,956,515,969,531
de_dust0503.jpg,1920,1080,c,946,518,980,586
de_dust0505.jpg,1920,1080,c,881,495,914,572
de_dust0505.jpg,1920,1080,ch,885,495,899,511
de_dust0508.jpg,1920,1080,c,780,504,837,677
de_dust0508.jpg,1920,1080,ch,783,504,809,538
de_dust0509.jpg,1920,1080,c,911,518,1005,746
de_dust0509.jpg,1920,1080,ch,935,519,971,569
de_dust0511.jpg,1920,1080,ch,916,512,936,534
de_dust0511.jpg,1920,1080,c,913,513,950,608
de_dust0517.jpg,1920,1080,ch,885,528,915,561
de_dust0517.jpg,1920,1080,c,878,527,939,697
de_dust0518.jpg,1920,1080,ch,931,503,962,538
de_dust0518.jpg,1920,1080,c,926,504,986,678
de_dust0520.jpg,1920,1080,ch,912,521,926,538
de_dust0520.jpg,1920,1080,ch,1084,519,1096,533
de_dust0520.jpg,1920,1080,ch,1024,524,1034,534
de_dust0520.jpg,1920,1080,c,899,521,941,610
de_dust0520.jpg,1920,1080,c,1073,518,1107,611
de_dust0520.jpg,1920,1080,c,1020,522,1040,573
de_dust0525.jpg,1920,1080,ch,961,518,973,530
de_dust0525.jpg,1920,1080,c,955,516,981,578
de_dust0526.jpg,1920,1080,c,955,524,981,584
de_dust0526.jpg,1920,1080,ch,960,525,973,537
de_dust0527.jpg,1920,1080,ch,956,528,968,541
de_dust0527.jpg,1920,1080,c,951,526,974,587
de_dust0528.jpg,1920,1080,t,1017,480,1052,607
de_dust0528.jpg,1920,1080,th,1040,480,1053,500
de_dust0529.jpg,1920,1080,t,748,425,824,653
de_dust0529.jpg,1920,1080,th,781,422,816,460
de_dust0529.jpg,1920,1080,ch,1242,431,1251,443
de_dust0529.jpg,1920,1080,ch,1128,485,1139,496
de_dust0529.jpg,1920,1080,c,1242,431,1257,476
de_dust0529.jpg,1920,1080,c,1126,485,1143,505
de_dust0530.jpg,1920,1080,c,853,596,872,620
de_dust0530.jpg,1920,1080,c,954,536,969,564
de_dust0530.jpg,1920,1080,ch,857,596,867,608
de_dust0530.jpg,1920,1080,ch,955,536,965,544
de_dust0531.jpg,1920,1080,ch,863,596,872,609
de_dust0531.jpg,1920,1080,ch,954,539,962,549
de_dust0531.jpg,1920,1080,c,857,595,880,623
de_dust0531.jpg,1920,1080,c,953,537,968,571
de_dust0532.jpg,1920,1080,c,945,496,993,624
de_dust0532.jpg,1920,1080,ch,954,496,982,523
de_dust0533.jpg,1920,1080,c,190,533,334,742
de_dust0533.jpg,1920,1080,ch,207,533,270,588
de_dust0533.jpg,1920,1080,c,967,515,993,572
de_dust0533.jpg,1920,1080,ch,981,515,992,527
de_dust0534.jpg,1920,1080,ch,926,485,982,548
de_dust0534.jpg,1920,1080,ch,1527,438,1550,461
de_dust0534.jpg,1920,1080,c,859,487,1021,732
de_dust0534.jpg,1920,1080,c,1499,437,1558,535
de_dust0535.jpg,1920,1080,c,969,479,999,559
de_dust0535.jpg,1920,1080,c,786,506,802,547
de_dust0535.jpg,1920,1080,ch,976,477,992,498
de_dust0535.jpg,1920,1080,ch,789,506,798,516
de_dust0536.jpg,1920,1080,c,634,505,653,550
de_dust0536.jpg,1920,1080,ch,637,506,646,515
de_dust0537.jpg,1920,1080,c,1027,542,1059,630
de_dust0537.jpg,1920,1080,c,910,534,946,593
de_dust0537.jpg,1920,1080,ch,1032,543,1046,560
de_dust0537.jpg,1920,1080,ch,926,534,942,547
de_dust0538.jpg,1920,1080,c,899,512,933,573
de_dust0538.jpg,1920,1080,ch,914,511,927,522
de_dust0539.jpg,1920,1080,ch,968,519,994,556
de_dust0539.jpg,1920,1080,c,955,517,1023,698
de_dust0540.jpg,1920,1080,c,948,527,1019,713
de_dust0540.jpg,1920,1080,ch,955,527,994,562
de_dust0543.jpg,1920,1080,c,971,529,989,570
de_dust0543.jpg,1920,1080,ch,975,529,984,538
de_dust0545.jpg,1920,1080,c,874,537,944,710
de_dust0545.jpg,1920,1080,ch,884,537,923,572
de_dust0546.jpg,1920,1080,c,908,539,978,714
de_dust0546.jpg,1920,1080,ch,920,540,953,578
de_dust0547.jpg,1920,1080,c,944,544,1015,722
de_dust0547.jpg,1920,1080,ch,957,542,991,580
de_dust0549.jpg,1920,1080,t,1706,446,1826,706
de_dust0549.jpg,1920,1080,th,1753,446,1811,489
de_dust0550.jpg,1920,1080,t,1045,455,1102,635
de_dust0550.jpg,1920,1080,th,1065,455,1087,479
de_dust0551.jpg,1920,1080,th,1093,458,1113,485
de_dust0551.jpg,1920,1080,t,1074,457,1128,636
de_dust0552.jpg,1920,1080,t,707,472,821,819
de_dust0552.jpg,1920,1080,th,745,472,786,519
de_dust0553.jpg,1920,1080,c,877,494,917,607
de_dust0553.jpg,1920,1080,c,866,486,891,568
de_dust0553.jpg,1920,1080,ch,883,494,903,515
de_dust0553.jpg,1920,1080,ch,866,484,884,504
de_dust0554.jpg,1920,1080,c,923,479,982,653
de_dust0554.jpg,1920,1080,ch,951,481,977,508
de_dust0555.jpg,1920,1080,c,925,508,983,681
de_dust0555.jpg,1920,1080,ch,957,509,984,546
de_dust0556.jpg,1920,1080,c,936,508,996,682
de_dust0556.jpg,1920,1080,ch,969,511,990,540
de_dust0557.jpg,1920,1080,t,810,474,823,499
de_dust0558.jpg,1920,1080,c,902,480,942,618
de_dust0558.jpg,1920,1080,ch,909,480,933,499
de_dust0559.jpg,1920,1080,ch,991,504,1033,544
de_dust0559.jpg,1920,1080,c,934,502,1054,750
de_dust0561.jpg,1920,1080,c,935,533,956,582
de_dust0561.jpg,1920,1080,ch,941,533,950,544
de_dust0562.jpg,1920,1080,c,956,533,979,585
de_dust0562.jpg,1920,1080,ch,960,533,972,544
de_dust0563.jpg,1920,1080,c,948,531,970,584
de_dust0563.jpg,1920,1080,ch,951,531,964,543
de_dust0565.jpg,1920,1080,c,915,512,941,587
de_dust0565.jpg,1920,1080,c,905,513,923,583
de_dust0565.jpg,1920,1080,ch,920,512,933,527
de_dust0565.jpg,1920,1080,ch,909,513,920,527
de_dust0566.jpg,1920,1080,c,919,519,946,589
de_dust0566.jpg,1920,1080,ch,923,519,936,533
de_dust0567.jpg,1920,1080,t,1309,418,1477,785
de_dust0567.jpg,1920,1080,th,1327,417,1403,518
de_dust0568.jpg,1920,1080,t,707,515,769,708
de_dust0568.jpg,1920,1080,th,728,515,756,544
de_dust0568.jpg,1920,1080,c,1218,512,1261,582
de_dust0568.jpg,1920,1080,c,945,521,975,571
de_dust0568.jpg,1920,1080,ch,949,522,962,534
de_dust0568.jpg,1920,1080,ch,1225,512,1242,528
de_dust0569.jpg,1920,1080,t,702,527,777,726
de_dust0569.jpg,1920,1080,th,727,530,756,559
de_dust0569.jpg,1920,1080,c,1124,533,1161,605
de_dust0569.jpg,1920,1080,ch,1129,531,1149,551
de_dust0570.jpg,1920,1080,t,308,518,396,756
de_dust0570.jpg,1920,1080,th,349,516,389,559
de_dust0570.jpg,1920,1080,c,965,512,1002,558
de_dust0570.jpg,1920,1080,ch,971,512,987,529
de_dust0571.jpg,1920,1080,t,1181,510,1294,687
de_dust0571.jpg,1920,1080,th,1200,512,1232,558
de_dust0572.jpg,1920,1080,t,721,399,827,730
de_dust0572.jpg,1920,1080,th,766,401,817,454
de_dust0573.jpg,1920,1080,c,886,503,962,698
de_dust0573.jpg,1920,1080,ch,895,499,935,540
de_dust0575.jpg,1920,1080,c,926,501,948,606
de_dust0575.jpg,1920,1080,ch,931,501,951,521
de_dust0576.jpg,1920,1080,c,944,504,1000,630
de_dust0576.jpg,1920,1080,ch,955,503,981,526
de_dust0578.jpg,1920,1080,ch,955,527,976,553
de_dust0578.jpg,1920,1080,c,945,527,995,617
de_dust0579.jpg,1920,1080,c,920,520,970,611
de_dust0579.jpg,1920,1080,ch,926,520,953,547
de_dust0580.jpg,1920,1080,c,922,476,993,664
de_dust0580.jpg,1920,1080,ch,928,474,965,518
de_dust0581.jpg,1920,1080,ch,929,481,967,516
de_dust0581.jpg,1920,1080,ch,1376,495,1398,516
de_dust0581.jpg,1920,1080,ch,883,432,895,448
de_dust0581.jpg,1920,1080,c,929,481,992,628
de_dust0581.jpg,1920,1080,c,1368,494,1409,583
de_dust0581.jpg,1920,1080,c,875,432,901,504
de_dust0582.jpg,1920,1080,c,987,523,1055,663
de_dust0582.jpg,1920,1080,c,1365,522,1415,607
de_dust0582.jpg,1920,1080,c,878,461,908,533
de_dust0582.jpg,1920,1080,ch,991,524,1025,559
de_dust0582.jpg,1920,1080,ch,1375,521,1400,547
de_dust0582.jpg,1920,1080,ch,884,461,898,476
de_dust0584.jpg,1920,1080,t,1233,395,1287,544
de_dust0584.jpg,1920,1080,th,1247,396,1269,420
de_dust0586.jpg,1920,1080,c,962,506,982,561
de_dust0586.jpg,1920,1080,ch,969,507,977,518
de_dust0587.jpg,1920,1080,t,1011,443,1115,675
de_dust0587.jpg,1920,1080,th,1032,441,1077,483
de_dust0588.jpg,1920,1080,t,942,522,963,573
de_dust0588.jpg,1920,1080,th,950,522,958,535
de_dust0588.jpg,1920,1080,t,1034,505,1045,531
de_dust0588.jpg,1920,1080,th,1034,506,1041,514
de_dust0589.jpg,1920,1080,c,903,490,956,626
de_dust0589.jpg,1920,1080,ch,907,490,936,515
de_dust0591.jpg,1920,1080,c,776,494,810,558
de_dust0591.jpg,1920,1080,c,949,526,965,564
de_dust0591.jpg,1920,1080,ch,781,494,795,511
de_dust0591.jpg,1920,1080,ch,952,526,960,535
de_dust0594.jpg,1920,1080,c,805,490,913,699
de_dust0594.jpg,1920,1080,ch,818,491,858,532
de_dust0595.jpg,1920,1080,c,912,516,984,682
de_dust0595.jpg,1920,1080,ch,930,516,960,551
de_dust0596.jpg,1920,1080,ch,934,596,952,616
de_dust0596.jpg,1920,1080,ch,1029,593,1043,610
de_dust0596.jpg,1920,1080,c,929,594,969,703
de_dust0596.jpg,1920,1080,c,1023,593,1046,655
de_dust0597.jpg,1920,1080,c,962,608,1002,722
de_dust0597.jpg,1920,1080,ch,963,605,985,627
de_dust0598.jpg,1920,1080,c,934,506,976,617
de_dust0598.jpg,1920,1080,ch,939,506,959,527
de_dust0599.jpg,1920,1080,c,914,493,965,641
de_dust0599.jpg,1920,1080,ch,920,494,946,523
de_dust0600.jpg,1920,1080,th,361,524,390,550
de_dust0600.jpg,1920,1080,th,754,496,769,511
de_dust0600.jpg,1920,1080,th,847,497,858,509
de_dust0600.jpg,1920,1080,t,319,523,397,657
de_dust0600.jpg,1920,1080,t,741,494,769,574
de_dust0600.jpg,1920,1080,t,835,496,862,572
de_dust0601.jpg,1920,1080,t,423,539,509,715
de_dust0601.jpg,1920,1080,t,1117,503,1145,605
de_dust0601.jpg,1920,1080,t,1157,504,1189,597
de_dust0601.jpg,1920,1080,th,470,539,507,575
de_dust0601.jpg,1920,1080,th,1128,504,1145,523
de_dust0601.jpg,1920,1080,th,1172,505,1185,521
de_dust0602.jpg,1920,1080,th,1,557,81,632
de_dust0602.jpg,1920,1080,t,1,539,146,873
de_dust0603.jpg,1920,1080,c,818,456,898,684
de_dust0603.jpg,1920,1080,ch,830,458,865,498
de_dust0604.jpg,1920,1080,th,1047,478,1072,507
de_dust0604.jpg,1920,1080,t,999,475,1112,676
de_dust0605.jpg,1920,1080,t,1239,389,1457,869
de_dust0605.jpg,1920,1080,th,1283,393,1382,493
de_dust0605.jpg,1920,1080,c,735,445,771,531
de_dust0605.jpg,1920,1080,ch,748,446,765,461
de_dust0606.jpg,1920,1080,ch,967,513,997,536
de_dust0606.jpg,1920,1080,c,963,514,1011,641
de_dust0607.jpg,1920,1080,c,989,462,1050,627
de_dust0607.jpg,1920,1080,ch,999,462,1029,494
de_dust0608.jpg,1920,1080,c,949,513,985,559
de_dust0608.jpg,1920,1080,ch,955,512,970,529
de_dust0609.jpg,1920,1080,ch,955,507,975,532
de_dust0609.jpg,1920,1080,ch,1013,514,1030,533
de_dust0609.jpg,1920,1080,c,946,508,991,631
de_dust0609.jpg,1920,1080,c,1008,515,1037,603
de_dust0611.jpg,1920,1080,c,880,478,938,595
de_dust0611.jpg,1920,1080,ch,888,478,912,500
de_dust0612.jpg,1920,1080,c,811,451,865,567
de_dust0612.jpg,1920,1080,ch,815,452,836,471
de_dust0613.jpg,1920,1080,ch,842,505,852,514
de_dust0613.jpg,1920,1080,c,835,504,852,534
de_dust0613.jpg,1920,1080,th,956,497,965,504
de_dust0613.jpg,1920,1080,t,951,496,969,536
de_dust0614.jpg,1920,1080,t,1072,512,1093,554
de_dust0614.jpg,1920,1080,th,1079,513,1087,520
de_dust0614.jpg,1920,1080,ch,946,523,956,533
de_dust0614.jpg,1920,1080,c,940,522,959,561
de_dust0615.jpg,1920,1080,th,1141,503,1150,514
de_dust0615.jpg,1920,1080,t,1137,502,1155,556
de_dust0615.jpg,1920,1080,ch,955,518,968,532
de_dust0615.jpg,1920,1080,c,946,520,970,570
de_dust0616.jpg,1920,1080,c,948,527,968,570
de_dust0616.jpg,1920,1080,ch,951,526,965,542
de_dust0616.jpg,1920,1080,t,1144,527,1166,567
de_dust0616.jpg,1920,1080,th,1152,527,1161,538
de_dust0617.jpg,1920,1080,t,1157,469,1176,512
de_dust0617.jpg,1920,1080,th,1160,467,1170,477
de_dust0618.jpg,1920,1080,th,1183,525,1193,532
de_dust0618.jpg,1920,1080,t,1174,523,1201,567
de_dust0619.jpg,1920,1080,ch,991,513,1001,523
de_dust0619.jpg,1920,1080,c,987,513,1006,561
de_dust0620.jpg,1920,1080,th,1321,275,1346,302
de_dust0620.jpg,1920,1080,t,1291,276,1350,367
de_dust0621.jpg,1920,1080,t,845,471,922,725
de_dust0621.jpg,1920,1080,th,857,472,894,515
de_dust0622.jpg,1920,1080,th,1011,500,1028,518
de_dust0622.jpg,1920,1080,t,994,498,1031,611
de_dust0623.jpg,1920,1080,t,597,467,715,906
de_dust0623.jpg,1920,1080,th,641,471,699,534
de_dust0625.jpg,1920,1080,ch,902,269,1045,443
de_dust0625.jpg,1920,1080,c,766,278,1061,959
de_dust0626.jpg,1920,1080,ch,1,409,182,633
de_dust0626.jpg,1920,1080,c,2,397,216,1079
de_dust0627.jpg,1920,1080,ch,134,455,338,626
de_dust0627.jpg,1920,1080,c,2,462,359,1071
de_dust0628.jpg,1920,1080,ch,191,478,355,645
de_dust0628.jpg,1920,1080,c,1,479,409,1075
de_dust0629.jpg,1920,1080,c,615,501,886,1080
de_dust0629.jpg,1920,1080,ch,715,494,811,615
de_dust0632.jpg,1920,1080,ch,956,524,987,557
de_dust0632.jpg,1920,1080,c,948,524,1010,701
de_dust20000.jpg,1600,900,th,886,299,924,344
de_dust20000.jpg,1600,900,th,792,307,815,328
de_dust20000.jpg,1600,900,t,860,297,946,565
de_dust20000.jpg,1600,900,t,781,305,832,434
de_dust20001.jpg,1600,900,t,415,346,549,630
de_dust20001.jpg,1600,900,th,444,347,489,396
de_dust20002.jpg,1600,900,th,677,427,721,472
de_dust20002.jpg,1600,900,th,92,436,136,481
de_dust20002.jpg,1600,900,t,667,426,739,694
de_dust20002.jpg,1600,900,t,64,434,164,656
de_dust20003.jpg,1600,900,c,602,1,818,370
de_dust20004.jpg,1600,900,c,569,141,818,596
de_dust20004.jpg,1600,900,ch,604,144,725,268
de_dust20005.jpg,1600,900,ch,734,378,786,439
de_dust20005.jpg,1600,900,c,684,379,818,714
de_dust20006.jpg,1600,900,th,858,365,880,390
de_dust20006.jpg,1600,900,th,728,432,740,441
de_dust20006.jpg,1600,900,t,842,362,904,502
de_dust20006.jpg,1600,900,t,724,430,751,471
de_dust20007.jpg,1600,900,t,864,384,941,591
de_dust20007.jpg,1600,900,t,701,467,733,527
de_dust20007.jpg,1600,900,th,882,384,914,418
de_dust20007.jpg,1600,900,th,709,469,723,478
de_dust20008.jpg,1600,900,th,877,408,937,480
de_dust20008.jpg,1600,900,th,821,492,854,516
de_dust20008.jpg,1600,900,th,605,524,628,538
de_dust20008.jpg,1600,900,t,848,404,1002,804
de_dust20008.jpg,1600,900,t,808,490,871,615
de_dust20008.jpg,1600,900,t,606,521,639,599
de_dust20009.jpg,1600,900,t,807,439,976,741
de_dust20009.jpg,1600,900,t,620,474,669,618
de_dust20009.jpg,1600,900,t,666,476,701,536
de_dust20009.jpg,1600,900,th,877,436,925,492
de_dust20009.jpg,1600,900,th,635,469,660,492
de_dust20009.jpg,1600,900,th,677,476,694,495
de_dust20010.jpg,1600,900,th,831,438,866,476
de_dust20010.jpg,1600,900,t,811,436,906,647
de_dust20011.jpg,1600,900,t,319,408,456,760
de_dust20011.jpg,1600,900,t,922,429,1035,725
de_dust20011.jpg,1600,900,th,371,404,439,465
de_dust20011.jpg,1600,900,th,972,432,1030,486
de_dust20012.jpg,1600,900,th,782,426,831,482
de_dust20012.jpg,1600,900,t,724,421,838,791
de_dust20013.jpg,1600,900,c,751,444,810,618
de_dust20013.jpg,1600,900,ch,769,449,802,479
de_dust20014.jpg,1600,900,c,548,404,724,899
de_dust20014.jpg,1600,900,ch,590,407,681,519
de_dust20015.jpg,1600,900,ch,956,430,1004,458
de_dust20015.jpg,1600,900,c,931,430,1019,597
de_dust20015.jpg,1600,900,th,699,387,711,399
de_dust20015.jpg,1600,900,t,689,385,721,458
de_dust20016.jpg,1600,900,th,761,440,777,460
de_dust20016.jpg,1600,900,t,747,437,792,538
de_dust20017.jpg,1600,900,t,888,417,958,596
de_dust20017.jpg,1600,900,th,905,419,936,458
de_dust20018.jpg,1600,900,th,798,408,828,449
de_dust20018.jpg,1600,900,t,779,406,846,614
de_dust20019.jpg,1600,900,th,811,425,851,472
de_dust20019.jpg,1600,900,t,786,427,874,667
de_dust20020.jpg,1600,900,th,917,236,955,285
de_dust20020.jpg,1600,900,t,898,231,981,455
de_dust20021.jpg,1600,900,th,821,498,850,536
de_dust20022.jpg,1600,900,t,864,436,907,564
de_dust20022.jpg,1600,900,th,871,434,902,470
de_dust20023.jpg,1600,900,th,772,450,794,477
de_dust20023.jpg,1600,900,t,755,445,805,593
de_dust20024.jpg,1600,900,t,749,444,846,681
de_dust20024.jpg,1600,900,th,779,446,811,489
de_dust20025.jpg,1600,900,th,760,376,774,391
de_dust20025.jpg,1600,900,t,749,375,775,449
de_dust20026.jpg,1600,900,th,789,447,811,470
de_dust20026.jpg,1600,900,th,119,411,145,434
de_dust20026.jpg,1600,900,t,766,443,809,594
de_dust20026.jpg,1600,900,t,96,406,153,533
de_dust20026.jpg,1600,900,c,974,460,1010,539
de_dust20026.jpg,1600,900,ch,977,458,1002,479
de_dust20027.jpg,1600,900,c,877,445,920,550
de_dust20027.jpg,1600,900,ch,890,444,907,467
de_dust20027.jpg,1600,900,t,532,425,626,775
de_dust20027.jpg,1600,900,th,579,421,631,480
de_dust20028.jpg,1600,900,th,754,401,828,510
de_dust20028.jpg,1600,900,t,641,397,830,847
de_dust20028.jpg,1600,900,ch,1188,447,1224,478
de_dust20028.jpg,1600,900,c,1178,446,1248,560
de_dust20029.jpg,1600,900,th,639,437,719,536
de_dust20029.jpg,1600,900,t,599,429,829,900
de_dust20031.jpg,1600,900,c,758,381,840,539
de_dust20031.jpg,1600,900,ch,773,382,803,420
de_dust20032.jpg,1600,900,ch,737,404,785,460
de_dust20032.jpg,1600,900,c,709,405,836,639
de_dust20033.jpg,1600,900,c,868,354,1098,752
de_dust20033.jpg,1600,900,ch,944,348,1016,437
de_dust20034.jpg,1600,900,ch,1096,327,1175,425
de_dust20034.jpg,1600,900,c,1028,332,1196,727
de_dust20035.jpg,1600,900,c,782,429,848,514
de_dust20035.jpg,1600,900,ch,789,429,815,457
de_dust20035.jpg,1600,900,t,1,380,78,512
de_dust20035.jpg,1600,900,th,31,383,61,404
de_dust20036.jpg,1600,900,ch,1349,376,1408,423
de_dust20036.jpg,1600,900,c,1343,375,1483,508
de_dust20036.jpg,1600,900,th,757,432,769,449
de_dust20036.jpg,1600,900,t,750,433,777,514
de_dust20037.jpg,1600,900,t,758,407,786,491
de_dust20037.jpg,1600,900,th,765,408,777,424
de_dust20037.jpg,1600,900,c,1393,424,1526,545
de_dust20037.jpg,1600,900,ch,1397,424,1456,462
de_dust20038.jpg,1600,900,t,718,427,750,523
de_dust20038.jpg,1600,900,th,725,427,741,445
de_dust20038.jpg,1600,900,ch,1473,387,1546,430
de_dust20038.jpg,1600,900,c,1466,387,1597,513
de_dust20039.jpg,1600,900,t,800,456,824,516
de_dust20039.jpg,1600,900,th,806,457,817,471
de_dust20040.jpg,1600,900,c,688,418,803,695
de_dust20040.jpg,1600,900,ch,708,419,764,462
de_dust20041.jpg,1600,900,t,735,462,792,628
de_dust20041.jpg,1600,900,th,748,461,773,488
de_dust20042.jpg,1600,900,t,709,448,763,617
de_dust20042.jpg,1600,900,th,721,448,746,476
de_dust20043.jpg,1600,900,th,773,453,795,481
de_dust20043.jpg,1600,900,t,765,452,813,622
de_dust20046.jpg,1600,900,t,901,469,966,639
de_dust20046.jpg,1600,900,th,916,468,938,498
de_dust20047.jpg,1600,900,t,801,473,911,780
de_dust20047.jpg,1600,900,th,825,472,863,524
de_dust20048.jpg,1600,900,c,650,414,719,616
de_dust20048.jpg,1600,900,ch,674,414,709,454
de_dust20048.jpg,1600,900,t,1271,434,1296,468
de_dust20048.jpg,1600,900,t,1110,497,1127,527
de_dust20048.jpg,1600,900,c,1230,482,1256,537
de_dust20048.jpg,1600,900,c,1201,480,1229,534
de_dust20048.jpg,1600,900,ch,1212,481,1228,494
de_dust20048.jpg,1600,900,ch,1230,482,1246,497
de_dust20048.jpg,1600,900,th,1273,434,1283,445
de_dust20048.jpg,1600,900,th,1114,497,1122,505
de_dust20049.jpg,1600,900,t,781,415,804,449
de_dust20049.jpg,1600,900,th,785,415,795,425
de_dust20049.jpg,1600,900,c,696,474,740,595
de_dust20049.jpg,1600,900,c,649,497,680,581
de_dust20049.jpg,1600,900,ch,711,474,734,495
de_dust20049.jpg,1600,900,ch,658,497,675,514
de_dust20049.jpg,1600,900,t,563,485,575,532
de_dust20049.jpg,1600,900,th,566,485,573,495
de_dust20050.jpg,1600,900,t,1036,324,1096,477
de_dust20050.jpg,1600,900,th,1049,325,1083,356
de_dust20050.jpg,1600,900,c,776,510,821,653
de_dust20050.jpg,1600,900,ch,787,510,814,541
de_dust20051.jpg,1600,900,t,804,411,881,679
de_dust20051.jpg,1600,900,th,820,413,855,462
de_dust20052.jpg,1600,900,t,858,379,903,510
de_dust20052.jpg,1600,900,t,795,379,831,495
de_dust20052.jpg,1600,900,th,872,380,898,400
de_dust20052.jpg,1600,900,th,802,380,823,400
de_dust20053.jpg,1600,900,t,781,424,922,797
de_dust20053.jpg,1600,900,th,807,422,875,494
de_dust20054.jpg,1600,900,c,791,481,876,655
de_dust20054.jpg,1600,900,ch,825,483,874,532
de_dust20055.jpg,1600,900,t,915,421,991,600
de_dust20055.jpg,1600,900,th,959,421,989,462
de_dust20056.jpg,1600,900,t,625,348,795,778
de_dust20056.jpg,1600,900,th,672,350,769,439
de_dust20058.jpg,1600,900,t,774,430,878,653
de_dust20058.jpg,1600,900,th,787,433,819,480
de_dust20059.jpg,1600,900,t,725,382,815,599
de_dust20059.jpg,1600,900,th,733,381,772,432
de_dust20060.jpg,1600,900,th,639,378,678,423
de_dust20060.jpg,1600,900,t,628,376,717,591
de_dust20061.jpg,1600,900,t,714,505,808,725
de_dust20061.jpg,1600,900,th,727,500,764,549
de_dust20062.jpg,1600,900,t,837,480,853,528
de_dust20062.jpg,1600,900,th,840,481,849,490
de_dust20063.jpg,1600,900,th,797,510,807,520
de_dust20063.jpg,1600,900,t,793,510,811,571
de_dust20064.jpg,1600,900,t,844,279,876,383
de_dust20064.jpg,1600,900,th,853,279,870,295
de_dust20065.jpg,1600,900,th,662,432,692,469
de_dust20065.jpg,1600,900,t,642,433,713,673
de_dust20066.jpg,1600,900,t,774,404,846,575
de_dust20066.jpg,1600,900,th,803,404,828,435
de_dust20067.jpg,1600,900,th,649,469,676,501
de_dust20067.jpg,1600,900,t,636,467,696,684
de_dust20068.jpg,1600,900,t,851,329,884,423
de_dust20068.jpg,1600,900,th,868,329,882,343
de_dust20069.jpg,1600,900,th,712,366,757,406
de_dust20069.jpg,1600,900,t,659,367,758,646
de_dust20070.jpg,1600,900,c,601,356,712,646
de_dust20070.jpg,1600,900,ch,636,358,690,405
de_dust20070.jpg,1600,900,t,745,428,805,548
de_dust20070.jpg,1600,900,th,755,425,780,450
de_dust20071.jpg,1600,900,c,888,468,938,575
de_dust20071.jpg,1600,900,ch,905,467,931,490
de_dust20072.jpg,1600,900,c,953,403,1027,606
de_dust20072.jpg,1600,900,ch,987,404,1027,434
de_dust20072.jpg,1600,900,c,741,425,770,498
de_dust20072.jpg,1600,900,ch,752,426,767,439
de_dust20073.jpg,1600,900,t,838,402,854,451
de_dust20073.jpg,1600,900,t,795,399,807,439
de_dust20073.jpg,1600,900,th,841,402,849,411
de_dust20073.jpg,1600,900,th,796,399,804,408
de_dust20074.jpg,1600,900,t,689,439,720,507
de_dust20074.jpg,1600,900,th,695,440,709,449
de_dust20075.jpg,1600,900,t,750,481,782,579
de_dust20075.jpg,1600,900,th,755,483,770,498
de_dust20076.jpg,1600,900,t,663,525,729,754
de_dust20076.jpg,1600,900,th,676,528,709,564
de_dust20077.jpg,1600,900,t,885,462,906,515
de_dust20077.jpg,1600,900,th,889,461,897,472
de_dust20078.jpg,1600,900,t,747,494,774,572
de_dust20078.jpg,1600,900,th,752,494,764,509
de_dust20079.jpg,1600,900,th,857,270,880,295
de_dust20079.jpg,1600,900,t,847,269,889,404
de_dust20080.jpg,1600,900,t,851,347,877,386
de_dust20080.jpg,1600,900,th,865,348,874,358
de_dust20081.jpg,1600,900,th,654,483,665,496
de_dust20081.jpg,1600,900,t,636,481,668,529
de_dust20082.jpg,1600,900,t,762,494,792,554
de_dust20082.jpg,1600,900,th,774,494,785,505
de_dust20083.jpg,1600,900,c,704,460,769,601
de_dust20083.jpg,1600,900,ch,715,460,738,490
de_dust20084.jpg,1600,900,c,954,514,1016,642
de_dust20084.jpg,1600,900,ch,962,513,987,543
de_dust20085.jpg,1600,900,ch,947,480,975,513
de_dust20085.jpg,1600,900,c,938,481,1004,628
de_dust20086.jpg,1600,900,ch,640,507,675,544
de_dust20086.jpg,1600,900,c,636,508,706,713
de_dust20087.jpg,1600,900,c,196,381,354,767
de_dust20087.jpg,1600,900,ch,229,371,318,445
de_dust20087.jpg,1600,900,ch,999,413,1029,430
de_dust20087.jpg,1600,900,ch,1095,415,1118,431
de_dust20087.jpg,1600,900,c,978,409,1024,523
de_dust20087.jpg,1600,900,c,1086,415,1123,513
de_dust20088.jpg,1600,900,c,870,417,925,579
de_dust20088.jpg,1600,900,c,924,417,976,567
de_dust20088.jpg,1600,900,ch,887,415,918,441
de_dust20088.jpg,1600,900,ch,937,417,967,444
de_dust20089.jpg,1600,900,t,692,500,811,701
de_dust20089.jpg,1600,900,th,713,499,751,545
de_dust20090.jpg,1600,900,c,621,439,675,523
de_dust20090.jpg,1600,900,ch,638,438,660,461
de_dust20090.jpg,1600,900,c,1176,419,1266,646
de_dust20090.jpg,1600,900,c,1228,406,1295,617
de_dust20090.jpg,1600,900,ch,1212,410,1275,453
de_dust20091.jpg,1600,900,c,1,466,97,693
de_dust20091.jpg,1600,900,c,1096,424,1204,609
de_dust20091.jpg,1600,900,c,1428,382,1600,655
de_dust20091.jpg,1600,900,ch,1,473,61,517
de_dust20091.jpg,1600,900,ch,1106,419,1154,461
de_dust20091.jpg,1600,900,ch,1462,385,1552,436
de_dust20092.jpg,1600,900,ch,1404,348,1488,387
de_dust20092.jpg,1600,900,ch,831,344,875,370
de_dust20092.jpg,1600,900,c,822,339,901,534
de_dust20092.jpg,1600,900,c,1387,347,1577,619
de_dust20093.jpg,1600,900,c,1118,92,1309,486
de_dust20093.jpg,1600,900,ch,1165,94,1259,158
de_dust20094.jpg,1600,900,th,708,336,804,448
de_dust20094.jpg,1600,900,t,649,330,894,855
de_dust20096.jpg,1600,900,t,652,416,694,529
de_dust20096.jpg,1600,900,th,662,416,681,436
de_dust20097.jpg,1600,900,th,584,467,619,499
de_dust20097.jpg,1600,900,t,565,465,642,689
de_dust20098.jpg,1600,900,t,561,415,618,619
de_dust20098.jpg,1600,900,th,569,412,605,446
de_dust20099.jpg,1600,900,th,572,461,600,490
de_dust20099.jpg,1600,900,t,557,459,631,658
de_dust20100.jpg,1600,900,t,751,447,847,679
de_dust20100.jpg,1600,900,th,765,451,797,486
de_dust20101.jpg,1600,900,th,725,397,819,534
de_dust20101.jpg,1600,900,t,686,392,929,900
de_dust20103.jpg,1600,900,th,886,287,1068,460
de_dust20103.jpg,1600,900,t,745,296,1326,900
de_dust20104.jpg,1600,900,c,848,407,880,469
de_dust20104.jpg,1600,900,ch,856,406,872,423
de_dust20105.jpg,1600,900,ch,748,478,763,495
de_dust20105.jpg,1600,900,c,741,478,772,564
de_dust20106.jpg,1600,900,t,1138,335,1172,428
de_dust20106.jpg,1600,900,th,1149,335,1165,354
de_dust20211.jpg,1600,900,th,702,305,902,565
de_dust20211.jpg,1600,900,t,650,298,1003,900
de_dust20212.jpg,1600,900,t,820,433,836,470
de_dust20213.jpg,1600,900,t,899,434,923,475
de_dust20215.jpg,1600,900,t,1045,421,1065,477
de_dust20215.jpg,1600,900,th,1049,421,1060,432
de_dust20216.jpg,1600,900,t,811,449,834,502
de_dust20216.jpg,1600,900,th,816,446,827,460
de_dust20217.jpg,1600,900,th,908,390,947,429
de_dust20217.jpg,1600,900,t,887,391,956,614
de_dust20218.jpg,1600,900,t,809,339,872,490
de_dust20218.jpg,1600,900,th,829,337,865,371
de_dust20219.jpg,1600,900,t,938,231,996,375
de_dust20219.jpg,1600,900,t,863,240,895,336
de_dust20219.jpg,1600,900,th,964,230,986,262
de_dust20219.jpg,1600,900,th,870,241,885,259
de_dust20220.jpg,1600,900,t,627,291,656,366
de_dust20220.jpg,1600,900,th,631,291,644,306
de_dust20221.jpg,1600,900,th,1066,404,1090,427
de_dust20221.jpg,1600,900,t,1053,405,1105,508
de_dust20222.jpg,1600,900,th,1045,396,1066,420
de_dust20222.jpg,1600,900,t,1033,395,1086,493
de_dust20223.jpg,1600,900,t,860,450,926,580
de_dust20223.jpg,1600,900,th,874,449,902,478
de_dust20224.jpg,1600,900,t,776,324,817,421
de_dust20224.jpg,1600,900,th,788,323,810,341
de_dust20225.jpg,1600,900,t,750,324,795,432
de_dust20225.jpg,1600,900,th,768,324,784,344
de_dust20226.jpg,1600,900,th,768,414,794,444
de_dust20226.jpg,1600,900,t,743,414,805,582
de_dust20227.jpg,1600,900,c,890,407,917,465
de_dust20227.jpg,1600,900,ch,897,409,909,421
de_dust20228.jpg,1600,900,c,739,455,785,585
de_dust20228.jpg,1600,900,ch,750,455,774,480
de_dust20229.jpg,1600,900,t,768,431,848,673
de_dust20229.jpg,1600,900,th,779,428,823,475
de_dust20230.jpg,1600,900,th,768,400,835,485
de_dust20230.jpg,1600,900,t,735,397,904,897
de_dust20231.jpg,1600,900,th,708,350,902,549
de_dust20231.jpg,1600,900,t,638,332,981,900
de_dust20232.jpg,1600,900,th,1188,287,1588,644
de_dust20232.jpg,1600,900,t,1042,289,1592,900
de_dust20233.jpg,1600,900,th,722,318,824,454
de_dust20233.jpg,1600,900,t,657,315,913,900
de_dust20234.jpg,1360,768,c,727,367,770,498
de_dust20234.jpg,1360,768,ch,735,368,760,388
de_dust20235.jpg,1360,768,c,824,358,940,578
de_dust20235.jpg,1360,768,ch,839,356,881,393
de_dust20236.jpg,1360,768,ch,781,394,814,431
de_dust20236.jpg,1360,768,c,759,392,830,604
de_dust20237.jpg,1360,768,t,657,382,674,422
de_dust20238.jpg,1360,768,t,656,406,675,449
de_dust20239.jpg,1360,768,t,754,380,778,446
de_dust20239.jpg,1360,768,th,756,382,769,395
de_dust20240.jpg,1360,768,th,930,288,953,311
de_dust20240.jpg,1360,768,t,919,286,965,407
de_dust20241.jpg,1360,768,t,512,253,590,438
de_dust20241.jpg,1360,768,th,534,251,562,285
de_dust20242.jpg,1360,768,th,572,327,613,367
de_dust20242.jpg,1360,768,t,557,326,620,553
de_dust20243.jpg,1360,768,t,640,403,695,462
de_dust20243.jpg,1360,768,th,651,405,676,435
de_dust20244.jpg,1360,768,t,691,328,735,450
de_dust20244.jpg,1360,768,th,702,328,726,358
de_dust20245.jpg,1360,768,t,551,299,631,515
de_dust20245.jpg,1360,768,th,564,294,609,348
de_dust20246.jpg,1360,768,t,816,354,840,407
de_dust20246.jpg,1360,768,th,822,353,835,365
de_dust20247.jpg,1360,768,th,356,326,379,348
de_dust20247.jpg,1360,768,t,350,325,395,433
de_dust20248.jpg,1360,768,t,641,357,699,544
de_dust20248.jpg,1360,768,th,656,354,683,388
de_dust20249.jpg,1360,768,th,499,289,552,341
de_dust20249.jpg,1360,768,t,467,282,593,605
de_dust20250.jpg,1360,768,t,441,332,632,706
de_dust20250.jpg,1360,768,th,507,334,589,397
de_dust20251.jpg,1360,768,t,773,268,951,593
de_dust20251.jpg,1360,768,th,830,281,915,365
de_dust20252.jpg,1360,768,t,376,306,456,441
de_dust20252.jpg,1360,768,c,442,292,528,445
de_dust20252.jpg,1360,768,c,38,346,234,723
de_dust20252.jpg,1360,768,ch,114,350,225,437
de_dust20252.jpg,1360,768,ch,457,299,491,341
de_dust20252.jpg,1360,768,th,404,309,436,335
de_dust20253.jpg,1360,768,t,384,337,453,454
de_dust20253.jpg,1360,768,t,476,334,545,476
de_dust20253.jpg,1360,768,t,580,314,723,692
de_dust20253.jpg,1360,768,th,604,313,673,387
de_dust20253.jpg,1360,768,th,488,334,523,366
de_dust20253.jpg,1360,768,th,400,334,430,369
de_dust20254.jpg,1360,768,th,724,332,796,412
de_dust20254.jpg,1360,768,th,662,364,693,391
de_dust20254.jpg,1360,768,th,603,370,625,390
de_dust20254.jpg,1360,768,t,586,368,637,477
de_dust20254.jpg,1360,768,t,654,363,709,460
de_dust20254.jpg,1360,768,t,706,331,858,671
de_dust20255.jpg,1360,768,t,574,342,747,768
de_dust20255.jpg,1360,768,th,614,336,710,448
de_dust20256.jpg,1360,768,t,660,330,688,397
de_dust20256.jpg,1360,768,th,671,334,687,347
de_dust20257.jpg,1360,768,t,697,356,735,424
de_dust20257.jpg,1360,768,th,710,354,731,370
de_dust20258.jpg,1360,768,th,668,399,711,434
de_dust20258.jpg,1360,768,t,648,403,765,552
de_dust20259.jpg,1360,768,c,728,339,796,511
de_dust20259.jpg,1360,768,ch,753,338,800,377
de_dust20260.jpg,1360,768,c,618,329,652,419
de_dust20260.jpg,1360,768,ch,631,329,650,344
de_dust20261.jpg,1360,768,t,621,386,648,454
de_dust20261.jpg,1360,768,t,663,336,677,371
de_dust20261.jpg,1360,768,th,627,387,639,400
de_dust20261.jpg,1360,768,th,666,338,674,345
de_dust20262.jpg,1360,768,th,597,337,625,364
de_dust20262.jpg,1360,768,th,684,334,701,345
de_dust20262.jpg,1360,768,t,582,332,648,491
de_dust20262.jpg,1360,768,t,680,332,707,379
de_dust20263.jpg,1360,768,t,360,329,402,424
de_dust20263.jpg,1360,768,t,340,291,364,333
de_dust20264.jpg,1360,768,t,715,389,759,523
de_dust20264.jpg,1360,768,t,761,355,780,400
de_dust20264.jpg,1360,768,th,727,389,749,412
de_dust20264.jpg,1360,768,th,765,357,776,365
de_dust20265.jpg,1360,768,th,638,370,701,428
de_dust20265.jpg,1360,768,t,622,364,737,732
de_dust20266.jpg,1360,768,t,674,343,704,420
de_dust20266.jpg,1360,768,th,679,344,693,360
de_dust20267.jpg,1360,768,th,744,319,761,341
de_dust20267.jpg,1360,768,t,737,318,780,441
de_dust20268.jpg,1360,768,t,527,293,636,603
de_dust20268.jpg,1360,768,th,548,294,607,344
de_dust20269.jpg,1360,768,c,428,342,511,513
de_dust20269.jpg,1360,768,ch,459,338,507,382
de_dust20270.jpg,1360,768,ch,592,386,658,449
de_dust20270.jpg,1360,768,c,534,385,676,733
de_dust20272.jpg,1360,768,t,734,399,788,516
de_dust20272.jpg,1360,768,th,751,402,776,425
de_dust20272.jpg,1360,768,c,551,311,572,354
de_dust20272.jpg,1360,768,c,597,325,619,372
de_dust20272.jpg,1360,768,ch,599,325,614,337
de_dust20273.jpg,1360,768,th,457,335,494,378
de_dust20273.jpg,1360,768,t,435,328,531,566
de_dust20273.jpg,1360,768,c,972,300,1004,376
de_dust20273.jpg,1360,768,c,924,283,945,335
de_dust20273.jpg,1360,768,ch,976,301,996,319
de_dust20274.jpg,1360,768,th,1,146,91,272
de_dust20274.jpg,1360,768,t,1,141,233,762
de_dust20275.jpg,1360,768,t,546,320,704,723
de_dust20275.jpg,1360,768,t,124,316,184,440
de_dust20275.jpg,1360,768,th,565,315,647,398
de_dust20275.jpg,1360,768,th,140,317,175,356
de_dust20276.jpg,1360,768,t,648,328,732,497
de_dust20276.jpg,1360,768,t,517,375,574,464
de_dust20276.jpg,1360,768,th,664,325,704,367
de_dust20276.jpg,1360,768,th,528,378,561,400
de_dust20277.jpg,1360,768,t,941,291,992,410
de_dust20277.jpg,1360,768,th,966,287,983,314
de_dust20278.jpg,1360,768,th,770,285,807,342
de_dust20278.jpg,1360,768,th,1167,305,1196,329
de_dust20278.jpg,1360,768,t,745,284,841,531
de_dust20278.jpg,1360,768,t,1130,299,1193,412
de_dust20279.jpg,1360,768,t,691,318,824,649
de_dust20279.jpg,1360,768,t,1154,266,1207,351
de_dust20279.jpg,1360,768,th,718,319,781,384
de_dust20279.jpg,1360,768,th,1157,266,1188,291
de_dust20280.jpg,1360,768,t,647,258,741,454
de_dust20280.jpg,1360,768,th,669,259,707,298
de_dust20280.jpg,1360,768,t,1047,238,1074,285
de_dust20281.jpg,1360,768,th,716,388,734,413
de_dust20281.jpg,1360,768,t,705,386,742,517
de_dust20282.jpg,1360,768,t,611,347,683,528
de_dust20282.jpg,1360,768,th,634,345,669,389
de_dust20283.jpg,1360,768,th,702,353,766,413
de_dust20283.jpg,1360,768,t,675,353,797,618
de_dust20285.jpg,1360,768,ch,865,314,923,369
de_dust20285.jpg,1360,768,ch,1066,337,1088,357
de_dust20285.jpg,1360,768,ch,1104,334,1126,353
de_dust20285.jpg,1360,768,c,840,313,940,553
de_dust20285.jpg,1360,768,c,1052,334,1089,416
de_dust20285.jpg,1360,768,c,1096,333,1139,413
de_dust20286.jpg,1360,768,c,784,341,832,475
de_dust20286.jpg,1360,768,c,734,351,760,413
de_dust20286.jpg,1360,768,ch,795,341,827,371
de_dust20286.jpg,1360,768,ch,742,350,760,362
de_dust20287.jpg,1360,768,ch,802,344,843,388
de_dust20287.jpg,1360,768,c,786,342,869,545
de_dust20287.jpg,1360,768,c,710,356,725,406
de_dust20288.jpg,1360,768,c,1109,373,1360,749
de_dust20288.jpg,1360,768,ch,1228,367,1352,453
de_dust20289.jpg,1360,768,t,627,390,683,531
de_dust20289.jpg,1360,768,th,635,392,659,417
de_dust20290.jpg,1920,1080,c,961,452,1044,659
de_dust20290.jpg,1920,1080,ch,975,448,1018,486
de_dust20291.jpg,1920,1080,ch,1176,472,1231,525
de_dust20291.jpg,1920,1080,c,1151,469,1261,724
de_dust20292.jpg,1920,1080,c,1301,544,1480,789
de_dust20292.jpg,1920,1080,ch,1349,548,1414,608
de_dust20293.jpg,1920,1080,ch,1089,379,1242,515
de_dust20293.jpg,1920,1080,c,1021,386,1331,1007
de_dust20295.jpg,1920,1080,c,654,554,881,977
de_dust20295.jpg,1920,1080,ch,739,561,851,654
de_dust20296.jpg,1920,1080,ch,749,567,846,657
de_dust20296.jpg,1920,1080,c,651,566,893,947
de_dust20297.jpg,1920,1080,t,912,525,984,707
de_dust20297.jpg,1920,1080,th,928,526,960,556
de_dust20298.jpg,1920,1080,t,866,495,923,662
de_dust20298.jpg,1920,1080,t,1006,506,1043,583
de_dust20298.jpg,1920,1080,th,882,496,914,530
de_dust20298.jpg,1920,1080,th,1014,504,1029,523
de_dust20299.jpg,1920,1080,t,1039,521,1071,605
de_dust20299.jpg,1920,1080,th,1043,520,1063,541
de_dust20300.jpg,1920,1080,t,943,538,980,626
de_dust20300.jpg,1920,1080,th,946,539,973,558
de_dust20303.jpg,1920,1080,th,985,509,1012,540
de_dust20303.jpg,1920,1080,t,965,508,1035,683
de_dust20303.jpg,1920,1080,t,830,529,857,582
de_dust20305.jpg,1920,1080,t,941,543,980,649
de_dust20305.jpg,1920,1080,th,955,546,969,562
de_dust20306.jpg,1920,1080,t,946,529,982,628
de_dust20306.jpg,1920,1080,th,956,531,973,548
de_dust20307.jpg,1920,1080,th,954,535,969,552
de_dust20307.jpg,1920,1080,t,947,535,980,634
de_dust20309.jpg,1920,1080,t,975,523,1010,626
de_dust20309.jpg,1920,1080,th,989,524,1005,543
de_dust20312.jpg,1920,1080,t,946,533,982,654
de_dust20312.jpg,1920,1080,th,955,534,974,557
de_dust20313.jpg,1920,1080,t,946,518,978,631
de_dust20313.jpg,1920,1080,th,955,520,973,541
de_dust20319.jpg,1920,1080,t,927,539,982,692
de_dust20319.jpg,1920,1080,th,940,539,968,570
de_dust20322.jpg,1920,1080,c,931,398,964,480
de_dust20322.jpg,1920,1080,ch,936,397,955,415
de_dust20323.jpg,1920,1080,c,933,100,976,240
de_dust20323.jpg,1920,1080,ch,941,102,964,126
de_dust20325.jpg,1920,1080,t,919,511,966,645
de_dust20325.jpg,1920,1080,th,937,512,968,538
de_dust20326.jpg,1920,1080,th,961,551,987,576
de_dust20326.jpg,1920,1080,t,940,550,995,689
de_dust20327.jpg,1920,1080,th,903,519,925,542
de_dust20327.jpg,1920,1080,t,891,518,939,639
de_dust20328.jpg,1920,1080,t,890,533,933,628
de_dust20328.jpg,1920,1080,th,898,531,915,549
de_dust20329.jpg,1920,1080,th,902,537,917,553
de_dust20329.jpg,1920,1080,t,895,538,930,624
de_dust20330.jpg,1920,1080,t,1050,507,1153,770
de_dust20330.jpg,1920,1080,th,1081,505,1120,550
de_dust20331.jpg,1920,1080,th,1013,501,1045,547
de_dust20331.jpg,1920,1080,t,981,497,1070,751
de_dust20332.jpg,1920,1080,t,939,536,1040,781
de_dust20332.jpg,1920,1080,th,976,530,1016,581
de_dust20333.jpg,1920,1080,th,961,523,997,567
de_dust20333.jpg,1920,1080,t,934,523,1035,773
de_dust20339.jpg,1920,1080,c,811,532,869,677
de_dust20339.jpg,1920,1080,ch,827,530,855,554
de_dust20340.jpg,1920,1080,ch,754,457,795,506
de_dust20340.jpg,1920,1080,c,720,457,827,734
de_dust20341.jpg,1920,1080,th,953,520,977,548
de_dust20341.jpg,1920,1080,t,937,517,998,650
de_dust20342.jpg,1920,1080,t,935,519,987,656
de_dust20342.jpg,1920,1080,th,948,519,976,548
de_dust20345.jpg,1920,1080,c,965,486,988,548
de_dust20345.jpg,1920,1080,c,986,472,1000,515
de_dust20345.jpg,1920,1080,ch,969,486,982,497
de_dust20345.jpg,1920,1080,ch,987,473,996,481
de_dust20346.jpg,1920,1080,ch,970,512,993,530
de_dust20346.jpg,1920,1080,c,968,514,996,592
de_dust20347.jpg,1920,1080,t,870,552,914,616
de_dust20347.jpg,1920,1080,t,821,550,917,808
de_dust20348.jpg,1920,1080,t,681,541,845,994
de_dust20348.jpg,1920,1080,th,749,542,830,645
de_dust20349.jpg,1920,1080,th,1025,393,1114,515
de_dust20349.jpg,1920,1080,t,973,390,1130,938
de_dust20356.jpg,1920,1080,th,965,521,988,541
de_dust20356.jpg,1920,1080,t,959,520,997,626
de_dust20362.jpg,1920,1080,c,460,443,717,853
de_dust20362.jpg,1920,1080,ch,501,431,631,538
de_dust20363.jpg,1920,1080,c,1069,437,1105,504
de_dust20363.jpg,1920,1080,ch,1075,437,1092,454
de_dust20364.jpg,1920,1080,ch,869,399,890,421
de_dust20364.jpg,1920,1080,c,862,397,912,486
de_dust20365.jpg,1920,1080,c,555,370,662,517
de_dust20365.jpg,1920,1080,ch,567,367,614,412
de_dust20366.jpg,1920,1080,t,927,519,967,611
de_dust20366.jpg,1920,1080,th,934,517,954,535
de_dust20367.jpg,1920,1080,t,925,528,980,654
de_dust20367.jpg,1920,1080,th,941,528,966,550
de_dust20369.jpg,1920,1080,t,886,511,962,761
de_dust20369.jpg,1920,1080,th,907,510,941,560
de_dust20370.jpg,1920,1080,c,1012,497,1078,673
de_dust20370.jpg,1920,1080,ch,1026,495,1060,538
de_dust20371.jpg,1920,1080,t,894,515,975,764
de_dust20371.jpg,1920,1080,th,915,512,952,564
de_dust20373.jpg,1920,1080,t,879,533,918,613
de_dust20373.jpg,1920,1080,th,892,533,907,548
de_dust20374.jpg,1920,1080,th,910,536,943,573
de_dust20374.jpg,1920,1080,t,882,536,970,772
de_dust20375.jpg,1920,1080,ch,80,289,476,605
de_dust20375.jpg,1920,1080,c,1,299,597,1080
de_dust20376.jpg,1920,1080,ch,1499,325,1920,692
de_dust20376.jpg,1920,1080,c,1297,302,1920,1014
de_dust20378.jpg,1920,1080,t,1066,544,1146,670
de_dust20378.jpg,1920,1080,th,1075,546,1107,572
de_dust20379.jpg,1920,1080,t,968,523,1036,664
de_dust20379.jpg,1920,1080,th,972,524,1000,556
de_dust20380.jpg,1920,1080,t,753,521,784,589
de_dust20380.jpg,1920,1080,th,760,521,778,536
de_dust20381.jpg,1920,1080,th,844,429,860,445
de_dust20381.jpg,1920,1080,t,835,430,868,507
de_dust20382.jpg,1920,1080,t,906,543,952,624
de_dust20382.jpg,1920,1080,th,922,547,942,562
de_dust20383.jpg,1920,1080,ch,1027,484,1060,515
de_dust20383.jpg,1920,1080,c,993,485,1068,642
de_dust20384.jpg,1920,1080,ch,1214,482,1248,518
de_dust20384.jpg,1920,1080,ch,1172,477,1259,652
de_dust20385.jpg,1920,1080,th,925,520,949,551
de_dust20385.jpg,1920,1080,t,911,518,965,680
de_dust20385.jpg,1920,1080,ch,861,562,914,599
de_dust20385.jpg,1920,1080,c,828,559,942,723
de_dust20386.jpg,1920,1080,ch,888,512,944,553
de_dust20386.jpg,1920,1080,c,854,512,950,733
de_dust20386.jpg,1920,1080,t,939,527,987,691
de_dust20386.jpg,1920,1080,th,952,527,973,554
de_dust20387.jpg,1920,1080,ch,926,526,975,571
de_dust20387.jpg,1920,1080,c,895,525,984,755
de_dust20388.jpg,1920,1080,th,901,503,932,533
de_dust20388.jpg,1920,1080,t,886,500,952,663
de_dust20390.jpg,1920,1080,t,954,533,986,619
de_dust20390.jpg,1920,1080,th,967,532,978,547
de_dust20391.jpg,1920,1080,th,948,527,967,549
de_dust20391.jpg,1920,1080,t,943,524,978,623
de_dust20393.jpg,1920,1080,th,935,546,952,561
de_dust20393.jpg,1920,1080,t,933,547,970,632
de_dust20394.jpg,1920,1080,c,900,511,926,536
de_dust20394.jpg,1920,1080,ch,905,510,919,525
de_dust20395.jpg,1920,1080,ch,971,553,999,580
de_dust20395.jpg,1920,1080,c,961,551,1013,693
de_dust20398.jpg,1920,1080,t,889,486,950,655
de_dust20398.jpg,1920,1080,th,916,488,950,518
de_dust20399.jpg,1920,1080,th,930,522,960,552
de_dust20399.jpg,1920,1080,t,909,523,975,694
de_dust20400.jpg,1920,1080,th,929,532,957,568
de_dust20400.jpg,1920,1080,t,911,534,966,701
de_dust20402.jpg,1920,1080,c,779,549,920,898
de_dust20402.jpg,1920,1080,ch,848,539,923,610
de_dust20403.jpg,1920,1080,c,887,582,984,844
de_dust20403.jpg,1920,1080,ch,926,579,982,627
de_dust20404.jpg,1920,1080,th,1047,309,1084,346
de_dust20404.jpg,1920,1080,c,953,351,1020,510
de_dust20404.jpg,1920,1080,ch,981,349,1019,383
de_dust20405.jpg,1920,1080,th,992,447,1048,493
de_dust20405.jpg,1920,1080,ch,947,545,984,581
de_dust20405.jpg,1920,1080,c,910,539,989,725
de_dust20406.jpg,1920,1080,ch,797,561,850,604
de_dust20406.jpg,1920,1080,th,897,457,972,508
de_dust20406.jpg,1920,1080,t,880,454,993,809
de_dust20406.jpg,1920,1080,c,760,559,865,809
de_dust20407.jpg,1920,1080,ch,791,535,848,593
de_dust20407.jpg,1920,1080,c,718,529,855,838
de_dust20407.jpg,1920,1080,t,866,418,1039,842
de_dust20410.jpg,1920,1080,t,920,538,1020,791
de_dust20410.jpg,1920,1080,th,935,542,983,598
de_dust20416.jpg,1920,1080,th,1072,483,1140,563
de_dust20416.jpg,1920,1080,th,905,503,981,558
de_dust20416.jpg,1920,1080,t,1044,483,1196,829
de_dust20416.jpg,1920,1080,t,893,502,1016,733
de_dust20417.jpg,1920,1080,th,961,500,1012,571
de_dust20417.jpg,1920,1080,th,761,507,826,559
de_dust20417.jpg,1920,1080,t,924,500,1058,844
de_dust20417.jpg,1920,1080,t,745,504,851,761
de_dust20424.jpg,1920,1080,c,805,446,833,487
de_dust20424.jpg,1920,1080,c,943,523,988,600
de_dust20424.jpg,1920,1080,ch,944,523,974,538
de_dust20426.jpg,1920,1080,t,896,516,1073,916
de_dust20426.jpg,1920,1080,th,945,505,1030,586
de_dust20427.jpg,1920,1080,t,921,559,1132,995
de_dust20427.jpg,1920,1080,th,971,554,1052,643
de_dust20432.jpg,1920,1080,c,1037,481,1152,712
de_dust20432.jpg,1920,1080,ch,1060,486,1130,547
de_dust20439.jpg,1920,1080,th,967,521,1035,588
de_dust20439.jpg,1920,1080,t,932,515,1093,895
de_dust20443.jpg,1920,1080,t,991,475,1014,530
de_dust20444.jpg,1920,1080,t,897,515,931,584
de_dust20444.jpg,1920,1080,th,903,517,918,533
de_dust20445.jpg,1920,1080,t,973,544,999,617
de_dust20445.jpg,1920,1080,th,977,544,994,558
de_dust20448.jpg,1920,1080,c,823,537,867,642
de_dust20448.jpg,1920,1080,ch,830,537,860,559
de_dust20448.jpg,1920,1080,c,1186,541,1217,580
de_dust20449.jpg,1920,1080,c,356,451,526,866
de_dust20449.jpg,1920,1080,ch,383,465,484,562
de_dust20449.jpg,1920,1080,c,746,504,787,572
de_dust20449.jpg,1920,1080,ch,752,504,770,520
de_dust20450.jpg,1920,1080,t,905,481,932,529
de_dust20450.jpg,1920,1080,th,907,481,922,494
de_dust20451.jpg,1920,1080,t,824,517,893,721
de_dust20451.jpg,1920,1080,th,852,516,876,550
de_dust20452.jpg,1920,1080,c,843,588,933,758
de_dust20452.jpg,1920,1080,ch,874,586,919,631
de_dust20452.jpg,1920,1080,ch,937,506,959,533
de_dust20452.jpg,1920,1080,c,931,508,970,635
de_dust20452.jpg,1920,1080,c,889,491,909,518
de_dust20455.jpg,1920,1080,c,1046,551,1099,666
de_dust20455.jpg,1920,1080,ch,1074,548,1101,574
de_dust20456.jpg,1920,1080,c,478,476,518,587
de_dust20456.jpg,1920,1080,c,1065,483,1114,627
de_dust20456.jpg,1920,1080,ch,475,465,505,505
de_dust20456.jpg,1920,1080,ch,1075,484,1106,509
de_dust20457.jpg,1920,1080,c,615,492,805,861
de_dust20457.jpg,1920,1080,c,1182,511,1236,665
de_dust20457.jpg,1920,1080,ch,625,492,730,584
de_dust20457.jpg,1920,1080,ch,1202,511,1228,539
de_dust20457.jpg,1920,1080,th,1227,514,1250,545
de_dust20457.jpg,1920,1080,t,1223,517,1259,655
de_dust20458.jpg,1920,1080,ch,101,328,394,555
de_dust20458.jpg,1920,1080,c,1,327,444,1079
de_dust20459.jpg,1920,1080,c,933,494,988,622
de_dust20459.jpg,1920,1080,ch,937,494,961,517
de_dust20461.jpg,1920,1080,t,926,514,975,628
de_dust20461.jpg,1920,1080,th,931,515,961,538
de_dust20462.jpg,1920,1080,th,837,500,879,537
de_dust20462.jpg,1920,1080,t,835,501,904,701
de_dust20463.jpg,1920,1080,th,933,519,987,571
de_dust20463.jpg,1920,1080,t,925,516,1007,732
de_dust20466.jpg,1920,1080,th,957,514,983,549
de_dust20466.jpg,1920,1080,t,943,515,1005,645
de_dust20467.jpg,1920,1080,ch,94,431,167,504
de_dust20467.jpg,1920,1080,c,48,434,206,711
de_dust20468.jpg,1920,1080,t,961,425,1019,572
de_dust20468.jpg,1920,1080,th,992,425,1015,452
de_dust20472.jpg,1920,1080,c,829,543,873,671
de_dust20472.jpg,1920,1080,ch,845,543,868,568
de_dust20472.jpg,1920,1080,t,853,471,867,507
de_dust20472.jpg,1920,1080,t,808,474,821,503
de_dust20473.jpg,1920,1080,t,925,473,1036,727
de_dust20473.jpg,1920,1080,th,973,477,1015,545
de_dust20474.jpg,1920,1080,th,1090,442,1126,479
de_dust20474.jpg,1920,1080,t,1050,441,1131,645
de_dust20475.jpg,1920,1080,t,964,528,1095,796
de_dust20475.jpg,1920,1080,th,992,522,1061,585
de_dust20476.jpg,1920,1080,th,1059,557,1091,592
de_dust20476.jpg,1920,1080,t,1033,558,1092,732
de_dust20477.jpg,1920,1080,c,1016,535,1062,634
de_dust20477.jpg,1920,1080,ch,1024,533,1050,554
DL2b5klW0AAp3JI.jpg,1200,675,th,241,214,384,429
DL2b5klW0AAp3JI.jpg,1200,675,th,852,199,997,407
DL2b5klW0AAp3JI.jpg,1200,675,t,158,210,527,675
DL2b5klW0AAp3JI.jpg,1200,675,t,754,193,1156,675
download.jpg,300,168,ch,141,4,180,53
download.jpg,300,168,ch,40,28,67,49
get_money_img.png,570,306,ch,87,34,182,136
get_money_img.png,570,306,ch,376,37,465,132
get_money_img.png,570,306,c,26,36,239,306
get_money_img.png,570,306,c,338,36,509,306
guide-CSGO-mental-fortitude-img1.jpg,800,450,ch,124,213,166,247
guide-CSGO-mental-fortitude-img1.jpg,800,450,ch,293,213,330,248
guide-CSGO-mental-fortitude-img1.jpg,800,450,ch,385,212,422,245
guide-CSGO-mental-fortitude-img1.jpg,800,450,c,66,213,171,415
guide-CSGO-mental-fortitude-img1.jpg,800,450,c,253,211,338,441
guide-CSGO-mental-fortitude-img1.jpg,800,450,c,361,210,430,410
hqdefault.jpg,480,360,t,69,133,114,276
hqdefault.jpg,480,360,t,132,135,185,276
hqdefault.jpg,480,360,t,210,135,268,277
hqdefault.jpg,480,360,t,293,120,353,282
hqdefault.jpg,480,360,t,353,123,409,275
hqdefault.jpg,480,360,th,70,133,103,162
hqdefault.jpg,480,360,th,140,133,181,162
hqdefault.jpg,480,360,th,229,136,250,166
hqdefault.jpg,480,360,th,317,119,346,151
hqdefault.jpg,480,360,th,370,123,396,150
maxresdefault-250x250.jpg,250,250,ch,89,45,124,75
maxresdefault-250x250.jpg,250,250,c,41,43,172,250
maxresdefault.jpg,1280,720,ch,744,42,1042,362
maxresdefault.jpg,1280,720,c,457,33,1254,720
MediaHandler.jpg,665,373,th,429,16,494,92
MediaHandler.jpg,665,373,t,409,19,588,373
post-g1-1024x614.jpg,1024,614,t,714,274,793,420
post-g1-1024x614.jpg,1024,614,c,189,68,552,563
post-g1-1024x614.jpg,1024,614,ch,344,67,462,153
post-g1-1024x614.jpg,1024,614,ch,720,271,759,303
Ramps-up-the-rank-through-CSGO-boost.jpg,878,494,th,370,20,528,204
Ramps-up-the-rank-through-CSGO-boost.jpg,878,494,t,255,9,690,493
sas.png,1024,576,c,137,97,319,466
sas.png,1024,576,c,407,54,565,539
sas.png,1024,576,c,620,67,857,498
sas.png,1024,576,ch,187,92,248,146
sas.png,1024,576,ch,420,47,512,152
sas.png,1024,576,ch,679,64,764,162
SVoTT.jpg,640,239,th,97,15,143,60
SVoTT.jpg,640,239,th,185,15,229,56
SVoTT.jpg,640,239,th,312,19,352,65
SVoTT.jpg,640,239,th,431,19,480,64
SVoTT.jpg,640,239,th,537,19,577,60
SVoTT.jpg,640,239,t,72,15,171,238
SVoTT.jpg,640,239,t,172,16,249,239
SVoTT.jpg,640,239,t,291,20,361,239
SVoTT.jpg,640,239,t,406,19,490,239
SVoTT.jpg,640,239,t,488,19,589,239
the_og_counter_terrorists_of_csgo_by_b2009-d9vg764.jpg,1191,670,ch,383,147,463,233
the_og_counter_terrorists_of_csgo_by_b2009-d9vg764.jpg,1191,670,ch,552,99,629,191
the_og_counter_terrorists_of_csgo_by_b2009-d9vg764.jpg,1191,670,ch,738,102,827,206
the_og_counter_terrorists_of_csgo_by_b2009-d9vg764.jpg,1191,670,ch,974,107,1054,200
the_og_counter_terrorists_of_csgo_by_b2009-d9vg764.jpg,1191,670,c,336,147,505,670
the_og_counter_terrorists_of_csgo_by_b2009-d9vg764.jpg,1191,670,c,499,98,672,670
the_og_counter_terrorists_of_csgo_by_b2009-d9vg764.jpg,1191,670,c,710,99,893,669
the_og_counter_terrorists_of_csgo_by_b2009-d9vg764.jpg,1191,670,c,933,108,1116,670
ZCTY0Ms.jpg,1400,704,ch,343,259,428,323
ZCTY0Ms.jpg,1400,704,ch,521,271,567,310
ZCTY0Ms.jpg,1400,704,ch,733,277,772,304
ZCTY0Ms.jpg,1400,704,ch,934,267,981,308
ZCTY0Ms.jpg,1400,704,ch,1087,263,1150,312
ZCTY0Ms.jpg,1400,704,c,283,258,450,560
ZCTY0Ms.jpg,1400,704,c,474,270,587,477
ZCTY0Ms.jpg,1400,704,c,691,275,784,444
ZCTY0Ms.jpg,1400,704,c,903,266,980,455
ZCTY0Ms.jpg,1400,704,c,1045,261,1155,536
